<Filters>
  <Filter dll      = "EAPf217.dll"
          clsid    = "{932DFD36-C2D7-4909-9093-218B57191554}"
          name     = "Landscape Filter">
    <Input  guid  = "{b8cf8530-5562-47c4-ab67-b1f69ecf961e}" 
          comment = "IID_IXpsDocumentProvider"/>
    <Output  guid = "{4368d8a2-4181-4a9f-b295-3d9a38bb9ba0}" 
          comment = "IID_IXpsDocumentConsumer"/>
  </Filter>

  <Filter dll      = "EAPz217.dll"
          clsid    = "{A796DBFD-60CD-431c-8CAB-984148966172}"
          name     = "PageOrder Analize Filter">
    <Input  guid  = "{b8cf8530-5562-47c4-ab67-b1f69ecf961e}" 
          comment = "IID_IXpsDocumentProvider"/>
    <Output  guid = "{4368d8a2-4181-4a9f-b295-3d9a38bb9ba0}" 
          comment = "IID_IXpsDocumentConsumer"/>
  </Filter>

  <Filter dll      = "EAPz217.dll"
          clsid    = "{5A2CD293-3F44-43c8-8CE6-B95B63828048}"
          name     = "Rendering Filter">
    <Input  guid  = "{b8cf8530-5562-47c4-ab67-b1f69ecf961e}" 
          comment = "IID_IXpsDocumentProvider"/>
    <Output  guid = "{65bb7f1b-371e-4571-8ac7-912f510c1a38}" 
          comment = "IID_IPrintWriteStream"/>
  </Filter>

   <OptionalFilterServiceProvider dll="XpsRasterService.dll"/>
</Filters>


